001	m-status-preclone	0	209	0
002	m-snapshot-autoclone	0	459	192
003	m-status	0	171	0
004	m-initmetrics-again	0	189	0
005	m-sync-dryrun	0	2357	0
006	m-sync	1	0	56
007	m-sync-again	1	0	56
008	m-sync-dryrun-after	0	2357	0
009	m-sync-json	1	0	56
010	m-status-after	0	171	0
011	m-snapshot	0	459	0
012	m-snapshot-json	0	1036	0
013	m-h	0	2489	0
014	m-cc-h	0	1956	0
015	m-lb	0	904	0
016	m-lb-json	0	312	0
017	m-lb-csv	0	137	0
018	m-lb-md	0	284	0
019	m-lbh	0	2418	0
020	m-lbh-json	0	5661	0
021	m-lbh-csv	0	667	0
022	m-lbh-md	0	1101	0
023	m-m-lb	0	911	0
024	m-w-lb	0	903	0
025	m-lb-top1	0	900	0
026	m-lbh-top1	0	2418	0
027	m-lb-bymachine	0	911	0
028	m-lb-bymachine-json	0	548	0
029	m-lb-bymachine-csv	0	202	0
030	m-lb-bymachine-md	0	380	0
031	m-lbh-bymachine	0	2418	78
032	m-lb-u-all	0	904	0
033	m-lb-u-other	0	900	0
034	m-lb-since	0	929	0
035	m-lb-until-only	0	914	0
036	m-lb-t	0	904	0
037	m-lb-cc	0	904	0
038	m-lb-codex	0	507	0
039	m-u-all	0	887	0
040	m-u-all-json	0	1066	0
041	m-u-all-h	0	2486	0
042	m-u-other	0	887	0
043	m-u-other-h	0	1178	0
044	m-u-nobody	0	42	0
045	m-u-self	0	459	0
046	m-bymachine	0	618	0
047	m-bymachine-json	0	1129	0
048	m-bymachine-csv	0	145	0
049	m-bymachine-md	0	250	0
050	m-cc-h-bymachine	0	2399	0
051	m-cc-h-bymachine-json	0	2635	0
052	m-cc-h-bymachine-csv	0	730	0
053	m-cc-h-bymachine-md	0	1259	0
054	m-u-all-bymachine	0	1153	0
055	m-u-all-bymachine-json	0	1187	0
056	m-u-all-bymachine-csv	0	223	0
057	m-u-all-bymachine-md	0	408	0
058	m-u-other-bymachine	0	1028	0
059	m-sync-flag	0	459	53
060	m-sync-flag-h	0	2489	53
061	m-initmetrics-url	0	595	189
062	m-initmetrics-url-status	0	172	0
063	m-initmetrics-url-conf	0	843	0
064	m-initmetrics-url-again	0	380	0
065	m-initmetrics-env-vs-url	0	595	189
066	m-initmetrics-env-vs-url-remote	0	151	0
067	m-initmetrics-legacy	0	864	189
068	m-repo-tree	0	7019	0
069	m-repo-log	0	15	0
070	m-dayfile	0	1144	0
071	m-tuhome-tree	0	1016	0
072	m-lastsync	1	0	198
073	m-dayfile-before	0	171	0
074	m-inflate	0	182	0
075	m-snapshot-after-inflate	0	459	0
076	m-dayfile-after-fetch	0	182	0
077	m-sync-dryrun-shrink	0	2403	0
078	m-bymachine-after-inflate	0	628	0
